pKa,n,Î´low,Î´high,pKa_err,n_err,Î´low_err,Î´high_err,resname,resnum
3.61,1.3,38.64,41.99,0.05,0.21,0.09,0.06,Asp,2
4.21,0.9,33.11,36.79,0.06,0.08,0.08,0.08,Glu,13
4.07,0.93,33.1,36.74,0.04,0.06,0.05,0.04,Glu,20
4.2,0.96,33.16,36.92,0.06,0.09,0.08,0.08,Glu,28
4.17,0.93,33.11,36.69,0.06,0.08,0.07,0.07,Glu,35
4.21,0.9,33.11,36.79,0.06,0.08,0.08,0.08,Glu,46
6.78,1.08,123.11,125.05,0.04,0.08,0.02,0.06,His,50
4.2,0.94,33.1,36.87,0.05,0.08,0.07,0.07,Glu,57
4.04,0.86,121.05,121.7,0.27,0.35,0.07,0.08,Glu,61
4.35,1.07,33.14,36.71,0.05,0.1,0.06,0.07,Glu,83
3.68,0.87,38.23,41.56,0.06,0.11,0.1,0.07,Asp,98
4.39,1.12,33.13,36.74,0.13,0.26,0.15,0.17,Glu,104
4.21,0.9,33.1,36.79,0.06,0.08,0.08,0.08,Glu,105
4.5,0.98,34.34,36.71,0.09,0.19,0.06,0.08,Glu,110
4.7,0.86,33.09,36.97,0.05,0.08,0.06,0.09,Glu,114
4.15,0.76,38.18,41.69,0.05,0.06,0.06,0.05,Asp,115
4.02,0.69,122.85,125.87,0.07,0.06,0.08,0.06,Asp,119
4.62,0.97,39.11,41.43,0.06,0.08,0.03,0.06,Asp,121
4.87,0.77,33.16,36.95,0.05,0.06,0.05,0.08,Glu,123
4.89,0.97,32.53,36.72,0.06,0.18,0.08,0.14,Glu,126
4.53,0.85,33.09,36.82,0.06,0.09,0.09,0.09,Glu,130
4.58,0.93,33.26,36.84,0.05,0.09,0.06,0.07,Glu,131
4.16,0.7,38.18,41.74,0.07,0.06,0.08,0.08,Asp,135
4.82,0.56,123.36,125.77,0.16,0.11,0.11,0.17,Glu,137
4.69,0.97,33.14,36.99,0.04,0.1,0.06,0.08,Glu,139
3.65,1.1,8.537,8.081,0.03,0.07,0.006,0.003,alpha-CO_m,
